{
  "run_id": "ped2_night_naive_copy",
  "config": "naive_copy",
  "n_clips": 60,
  "components": {
    "detector": {
      "name": "gt_mask"
    },
    "inpainter": {
      "name": "copy_bg"
    },
    "scorer": {
      "name": "clip_vad"
    }
  },
  "aggregate": {
    "psnr": 39.51474248621197,
    "ssim": 0.9949847392737865,
    "lpips": 0.03410175909586239,
    "tlp": 0.01729395327468713,
    "warp_error": 0.9513189534346262,
    "residual_drop": 0.3911957308363455,
    "mask_iou": 0.8160840178256259,
    "fvd": 11.11255890760533
  },
  "per_anomaly_type": {
    "static_object": {
      "psnr": 29.759621464990904,
      "ssim": 0.9946601048111916,
      "lpips": 0.0652282141149044,
      "tlp": 0.016553582902997733,
      "warp_error": 0.9508786082267762,
      "residual_drop": 0.014236094818862385,
      "mask_iou": 0.8093982531568436
    },
    "moving_object": {
      "psnr": 57.23741691314511,
      "ssim": 0.9991666665300727,
      "lpips": 0.0014708493273701607,
      "tlp": 0.018865398876369,
      "warp_error": 0.9734470039606095,
      "residual_drop": 0.5668027867847787,
      "mask_iou": 0.7846201454432927
    },
    "local_appearance": {
      "psnr": 31.547189080499937,
      "ssim": 0.9911274464800954,
      "lpips": 0.035606213845312595,
      "tlp": 0.01646287804469466,
      "warp_error": 0.9296312481164932,
      "residual_drop": 0.5925483109053953,
      "mask_iou": 0.8542336548767416
    }
  }
}