{
  "run_id": "avenue_night_naive_copy",
  "config": "naive_copy",
  "n_clips": 60,
  "components": {
    "detector": {
      "name": "gt_mask"
    },
    "inpainter": {
      "name": "copy_bg"
    },
    "scorer": {
      "name": "clip_vad"
    }
  },
  "aggregate": {
    "psnr": 40.49716180628371,
    "ssim": 0.9952934188147385,
    "lpips": 0.021451323195920698,
    "tlp": 0.006392753034015186,
    "warp_error": 0.9268678228060404,
    "residual_drop": 0.5007399853913179,
    "mask_iou": 0.8160840178256259,
    "fvd": 9.487820848712339
  },
  "per_anomaly_type": {
    "static_object": {
      "psnr": 29.18677827098303,
      "ssim": 0.992682259529829,
      "lpips": 0.045549020171165466,
      "tlp": 0.00618103671586141,
      "warp_error": 0.9203857392072677,
      "residual_drop": 0.006819777853393301,
      "mask_iou": 0.8093982531568436
    },
    "moving_object": {
      "psnr": 58.69069401861064,
      "ssim": 0.9996762853115797,
      "lpips": 0.00022527162153664903,
      "tlp": 0.006540106324246153,
      "warp_error": 0.9243982985615731,
      "residual_drop": 0.8142738700548277,
      "mask_iou": 0.7846201454432927
    },
    "local_appearance": {
      "psnr": 33.614013129257486,
      "ssim": 0.993521711602807,
      "lpips": 0.01857967779505998,
      "tlp": 0.006457116061937995,
      "warp_error": 0.9358194306492805,
      "residual_drop": 0.6811263082657333,
      "mask_iou": 0.8542336548767416
    }
  }
}