{
  "run_id": "ped2_night_gt_flow",
  "config": "gt_flow",
  "n_clips": 60,
  "components": {
    "detector": {
      "name": "gt_mask"
    },
    "inpainter": {
      "name": "flow_fill"
    },
    "scorer": {
      "name": "clip_vad"
    }
  },
  "aggregate": {
    "psnr": 49.31194061789246,
    "ssim": 0.9978695148602128,
    "lpips": 0.003893309681249472,
    "tlp": 0.018709214388703307,
    "warp_error": 0.9721390902996063,
    "residual_drop": -0.5324569781207378,
    "mask_iou": 0.8160840178256259,
    "fvd": 2.4962708638325917
  },
  "per_anomaly_type": {
    "static_object": {
      "psnr": 52.12476761766605,
      "ssim": 0.9982716832309961,
      "lpips": 0.0032915519404923543,
      "tlp": 0.017793122120201586,
      "warp_error": 0.950489604473114,
      "residual_drop": -2.3803337304912033,
      "mask_iou": 0.8093982531568436
    },
    "moving_object": {
      "psnr": 47.589430437766836,
      "ssim": 0.9981651492416859,
      "lpips": 0.0026756401814054696,
      "tlp": 0.020730967074632643,
      "warp_error": 1.0236550748348237,
      "residual_drop": 0.5072332147662538,
      "mask_iou": 0.7846201454432927
    },
    "local_appearance": {
      "psnr": 48.22162379824452,
      "ssim": 0.9971717121079564,
      "lpips": 0.005712736921850592,
      "tlp": 0.017603553971275686,
      "warp_error": 0.9422725915908814,
      "residual_drop": 0.2757295813627359,
      "mask_iou": 0.8542336548767416
    }
  }
}