{
  "ped2_night": {
    "gt_diffusion": {
      "psnr": 42.95050479637975,
      "ssim": 0.9962163406113783,
      "lpips": 0.008595779734120394,
      "tlp": 0.027394454243282476,
      "warp_error": 1.1179214596748352,
      "residual_drop": -4.137661428256914,
      "mask_iou": 0.8160840178256259,
      "fvd": 9.36224087544807
    },
    "gt_diffusion_temporal": {
      "psnr": 45.597689334025794,
      "ssim": 0.9962561470145981,
      "lpips": 0.008866301024681889,
      "tlp": 0.019776416290551425,
      "warp_error": 0.9999786208073298,
      "residual_drop": -2.6071737155964994,
      "mask_iou": 0.8160840178256259,
      "fvd": 4.431551710470287
    },
    "gt_bg": {
      "psnr": 48.94762496529352,
      "ssim": 0.9965507812798023,
      "lpips": 0.008564206972581208,
      "tlp": 0.019217612113182743,
      "warp_error": 0.9792998949686686,
      "residual_drop": -2.506965825374878,
      "mask_iou": 0.8160840178256259,
      "fvd": 3.1913505820563355
    },
    "grounded_diffusion": {
      "psnr": 33.277381612641946,
      "ssim": 0.9833142125979066,
      "lpips": 0.022541970061138273,
      "tlp": 0.04437644723802805,
      "warp_error": 1.6555270026127498,
      "residual_drop": -6.8362772257961355,
      "mask_iou": 0.28250218422262985,
      "fvd": 24.38038921626808
    },
    "grounded2_diffusion": {
      "psnr": 32.19116840763225,
      "ssim": 0.9534832567597429,
      "lpips": 0.07461615480715408,
      "tlp": 0.07225171285681427,
      "warp_error": 3.187536323070526,
      "residual_drop": -13.165627629358312,
      "mask_iou": 0.29444710189994194,
      "fvd": 50.02264606182087
    },
    "grounded2_bg": {
      "psnr": 37.52404262749683,
      "ssim": 0.9596020963042975,
      "lpips": 0.06898924261662008,
      "tlp": 0.030261780911435682,
      "warp_error": 1.425791437427203,
      "residual_drop": -4.13810088338317,
      "mask_iou": 0.29444710189994194,
      "fvd": 37.049960243905886
    },
    "gt_diffusion_t03": {
      "psnr": 46.31885117858388,
      "ssim": 0.996555941986541,
      "lpips": 0.007732096176429574,
      "tlp": 0.01916500673008462,
      "warp_error": 0.9882540712753932,
      "residual_drop": -2.5651046132292796,
      "mask_iou": 0.8160840178256259,
      "fvd": 3.76563609796767
    },
    "gt_diffusion_t07": {
      "psnr": 44.69793877539062,
      "ssim": 0.9959733889127771,
      "lpips": 0.010012835677237793,
      "tlp": 0.020358604751527308,
      "warp_error": 1.0089428802331288,
      "residual_drop": -2.9512198728227625,
      "mask_iou": 0.8160840178256259,
      "fvd": 5.035514813070936
    },
    "naive_copy": {
      "psnr": 39.51474248621197,
      "ssim": 0.9949847392737865,
      "lpips": 0.03410175909586239,
      "tlp": 0.01729395327468713,
      "warp_error": 0.9513189534346262,
      "residual_drop": 0.3911957308363455,
      "mask_iou": 0.8160840178256259,
      "fvd": 11.11255890760533
    },
    "classical_spatial": {
      "psnr": 48.835288857327264,
      "ssim": 0.9978374912713964,
      "lpips": 0.004247808242992809,
      "tlp": 0.018841315542037287,
      "warp_error": 0.9751300225655238,
      "residual_drop": -0.14123554542017086,
      "mask_iou": 0.8160840178256259,
      "fvd": 2.7765024195794092
    },
    "gt_flow": {
      "psnr": 49.31194061789246,
      "ssim": 0.9978695148602128,
      "lpips": 0.003893309681249472,
      "tlp": 0.018709214388703307,
      "warp_error": 0.9721390902996063,
      "residual_drop": -0.5324569781207378,
      "mask_iou": 0.8160840178256259,
      "fvd": 2.4962708638325917
    },
    "auto_heuristic": {
      "psnr": 31.169784897350603,
      "ssim": 0.9866015194604795,
      "lpips": 0.0496627120145907,
      "tlp": 0.026373513353367645,
      "warp_error": 1.1134215414524078,
      "residual_drop": 0.13350992222537875,
      "mask_iou": 0.16595027606933233,
      "fvd": 33.593683155765746
    }
  },
  "avenue_night": {
    "gt_diffusion": {
      "psnr": 42.12578337270351,
      "ssim": 0.9960950853303074,
      "lpips": 0.0035179686897511904,
      "tlp": 0.0101491628428145,
      "warp_error": 1.0885458687941234,
      "residual_drop": -1.6143447755820215,
      "mask_iou": 0.8160840178256259,
      "fvd": 9.241264480403231
    },
    "gt_diffusion_temporal": {
      "psnr": 43.51071807341855,
      "ssim": 0.9963579547901948,
      "lpips": 0.0031947413459420203,
      "tlp": 0.007346837109071203,
      "warp_error": 0.9742521127065022,
      "residual_drop": 0.01813483538758551,
      "mask_iou": 0.8160840178256259,
      "fvd": 3.2659994788835376
    },
    "gt_bg": {
      "psnr": 47.80776291530164,
      "ssim": 0.9969777022798856,
      "lpips": 0.0027956251278434745,
      "tlp": 0.006702098381356336,
      "warp_error": 0.9395753304163615,
      "residual_drop": 0.04774919858490095,
      "mask_iou": 0.8160840178256259,
      "fvd": 0.6495799939763603
    },
    "grounded_diffusion": {
      "psnr": 28.971692844016683,
      "ssim": 0.9716250409682592,
      "lpips": 0.047989419133712845,
      "tlp": 0.03618394457735121,
      "warp_error": 1.957371433575948,
      "residual_drop": -1.488305005902457,
      "mask_iou": 0.09735011258713924,
      "fvd": 44.98232905130071
    },
    "grounded2_diffusion": {
      "psnr": 29.240921761873697,
      "ssim": 0.9754732377827168,
      "lpips": 0.05034977582593759,
      "tlp": 0.03248567425956329,
      "warp_error": 1.8788367162148158,
      "residual_drop": -0.7810211042327356,
      "mask_iou": 0.0973715055508211,
      "fvd": 53.006694203768404
    },
    "grounded2_bg": {
      "psnr": 30.530227565550142,
      "ssim": 0.9780420759071906,
      "lpips": 0.04799783112921432,
      "tlp": 0.016511524585075675,
      "warp_error": 1.2381601144870122,
      "residual_drop": -0.024982073302044983,
      "mask_iou": 0.0973715055508211,
      "fvd": 42.70767701433964
    },
    "naive_copy": {
      "psnr": 40.49716180628371,
      "ssim": 0.9952934188147385,
      "lpips": 0.021451323195920698,
      "tlp": 0.006392753034015186,
      "warp_error": 0.9268678228060404,
      "residual_drop": 0.5007399853913179,
      "mask_iou": 0.8160840178256259,
      "fvd": 9.487820848712339
    },
    "classical_spatial": {
      "psnr": 39.76309973377319,
      "ssim": 0.994849918037653,
      "lpips": 0.007576926351369669,
      "tlp": 0.007922404326382092,
      "warp_error": 0.9823668157060941,
      "residual_drop": 0.15378923638569994,
      "mask_iou": 0.8160840178256259,
      "fvd": 5.861102017225935
    },
    "gt_flow": {
      "psnr": 40.361658095725694,
      "ssim": 0.9949258603155613,
      "lpips": 0.006980515279186268,
      "tlp": 0.007873305924780047,
      "warp_error": 0.9821733569105466,
      "residual_drop": -0.18055384153434653,
      "mask_iou": 0.8160840178256259,
      "fvd": 6.130616901688863
    },
    "auto_heuristic": {
      "psnr": 32.1898120828304,
      "ssim": 0.9855047375584642,
      "lpips": 0.031066266109701247,
      "tlp": 0.01106245827395469,
      "warp_error": 1.050784916182359,
      "residual_drop": 0.17464670281978906,
      "mask_iou": 0.17658376870178796,
      "fvd": 23.09992619819706
    }
  },
  "sht_night": {
    "gt_diffusion": {
      "psnr": 50.667798766278544,
      "ssim": 0.9980259832615653,
      "lpips": 0.00272190661780769,
      "tlp": 0.009731562466671069,
      "warp_error": 0.42716144969065983,
      "residual_drop": -1.2628111206520591,
      "mask_iou": 0.8160840178256259,
      "fvd": 5.860128196953234
    },
    "gt_diffusion_temporal": {
      "psnr": 52.17774481034733,
      "ssim": 0.9983177235970895,
      "lpips": 0.002336142846615985,
      "tlp": 0.007288432431717714,
      "warp_error": 0.3797631685932477,
      "residual_drop": -0.6562593152241242,
      "mask_iou": 0.8160840178256259,
      "fvd": 1.6514027199891759
    },
    "gt_bg": {
      "psnr": 56.62469690048031,
      "ssim": 0.9985185487195849,
      "lpips": 0.002137331388757957,
      "tlp": 0.006834722040609146,