{
  "run_id": "avenue_night_gt_flow",
  "config": "gt_flow",
  "n_clips": 60,
  "components": {
    "detector": {
      "name": "gt_mask"
    },
    "inpainter": {
      "name": "flow_fill"
    },
    "scorer": {
      "name": "clip_vad"
    }
  },
  "aggregate": {
    "psnr": 40.361658095725694,
    "ssim": 0.9949258603155613,
    "lpips": 0.006980515279186268,
    "tlp": 0.007873305924780047,
    "warp_error": 0.9821733569105466,
    "residual_drop": -0.18055384153434653,
    "mask_iou": 0.8160840178256259,
    "fvd": 6.130616901688863
  },
  "per_anomaly_type": {
    "static_object": {
      "psnr": 40.059996567078755,
      "ssim": 0.9950370632112027,
      "lpips": 0.006656090018805116,
      "tlp": 0.006734335568035021,
      "warp_error": 0.9244065776467323,
      "residual_drop": -1.6047431247852675,
      "mask_iou": 0.8093982531568436
    },
    "moving_object": {
      "psnr": 43.34199966245227,
      "ssim": 0.997183851338923,
      "lpips": 0.002678845904301852,
      "tlp": 0.009848539950326085,
      "warp_error": 1.051681600511074,
      "residual_drop": 0.6053140150555519,
      "mask_iou": 0.7846201454432927
    },
    "local_appearance": {
      "psnr": 37.68297805764608,
      "ssim": 0.9925566663965583,
      "lpips": 0.011606609914451838,
      "tlp": 0.007037042255979032,
      "warp_error": 0.9704318925738334,
      "residual_drop": 0.4577675851266762,
      "mask_iou": 0.8542336548767416
    }
  }
}