{
  "run_id": "sht_night_naive_copy",
  "config": "naive_copy",
  "n_clips": 60,
  "components": {
    "detector": {
      "name": "gt_mask"
    },
    "inpainter": {
      "name": "copy_bg"
    },
    "scorer": {
      "name": "clip_vad"
    }
  },
  "aggregate": {
    "psnr": 42.96540616828533,
    "ssim": 0.9944728998467326,
    "lpips": 0.0429241520045025,
    "tlp": 0.006123762193601579,
    "warp_error": 0.35841006313761076,
    "residual_drop": 0.5376745733768534,
    "mask_iou": 0.8160840178256259,
    "fvd": 16.287175835628883
  },
  "per_anomaly_type": {
    "static_object": {
      "psnr": 29.479218446993162,
      "ssim": 0.9928644638508558,
      "lpips": 0.07288037128746509,
      "tlp": 0.00546664308058098,
      "warp_error": 0.3388400822877884,
      "residual_drop": -0.0024558919254500057,
      "mask_iou": 0.8093982531568436
    },
    "moving_object": {
      "psnr": 68.5112706212037,
      "ssim": 0.999933885037899,
      "lpips": 8.206917057123065e-05,
      "tlp": 0.006515715376008302,
      "warp_error": 0.36608820110559465,
      "residual_drop": 0.8349818700628271,
      "mask_iou": 0.7846201454432927
    },
    "local_appearance": {
      "psnr": 30.905729436659147,
      "ssim": 0.990620350651443,
      "lpips": 0.05581001555547118,
      "tlp": 0.006388928124215454,
      "warp_error": 0.37030190601944923,
      "residual_drop": 0.7804977419931833,
      "mask_iou": 0.8542336548767416
    }
  }
}