{
  "run_id": "sht_night_gt_flow",
  "config": "gt_flow",
  "n_clips": 60,
  "components": {
    "detector": {
      "name": "gt_mask"
    },
    "inpainter": {
      "name": "flow_fill"
    },
    "scorer": {
      "name": "clip_vad"
    }
  },
  "aggregate": {
    "psnr": 51.84789623820118,
    "ssim": 0.9980081991602977,
    "lpips": 0.004450024592612559,
    "tlp": 0.007589511598537987,
    "warp_error": 0.3799498610198498,
    "residual_drop": -1.171145382369806,
    "mask_iou": 0.8160840178256259,
    "fvd": 2.345462015117434
  },
  "per_anomaly_type": {
    "static_object": {
      "psnr": 51.888390743517206,
      "ssim": 0.9979483000934124,
      "lpips": 0.0034914523654151707,
      "tlp": 0.00704530113725923,
      "warp_error": 0.35120134726166724,
      "residual_drop": -4.765324860554605,
      "mask_iou": 0.8093982531568436
    },
    "moving_object": {
      "psnr": 54.11826857679419,
      "ssim": 0.9990618661046028,
      "lpips": 0.0015868155634962023,
      "tlp": 0.008632151316851378,
      "warp_error": 0.40529538989067077,
      "residual_drop": 0.7501783613006338,
      "mask_iou": 0.7846201454432927
    },
    "local_appearance": {
      "psnr": 49.53702939429216,
      "ssim": 0.9970144312828779,
      "lpips": 0.008271805848926306,
      "tlp": 0.007091082341503352,
      "warp_error": 0.3833528459072113,
      "residual_drop": 0.5017103521445547,
      "mask_iou": 0.8542336548767416
    }
  }
}